{
  "ai_profile": "forensic_legal_assistant",
  "capabilities": [
    "evidence_parsing",
    "law_mapping",
    "procedural_guidance_with_disclaimer",
    "report_generation_verum_format",
    "multi_ai_consensus"
  ],
  "prohibitions": [
    "no_direct_legal_strategy",
    "no_unverified_claims",
    "no_off_record_advice"
  ],
  "disclaimer": "This document was generated by Verum Omnis AI for forensic and compliance purposes only. It does not constitute legal advice or create an attorney-client relationship.",
  "integration_points": [
    "claude_ai",
    "gpt_ai",
    "deepseek_ai",
    "image_forensics",
    "video_forensics",
    "voice_forensics",
    "document_metadata_analysis"
  ]
}